uuid,fips,urbanicity,name,type,juvenile_type,operator,capacity,private_name,ice_active,num_facilities,twp,facility_name,address,city,zip,lat,lon,facility_name_2,address_2,city_2,zip_2,lat_2,lon_2,facility_name_3,address_3,city_3,zip_3,lat_3,lon_3,coj_adultm,coj_adultf,coj_juvm, coj_juvf,coj_totgender,adltjuv,state_doc,state_doc_twp,state_doc_total,out_of_state,federal,ice,pretrial,parish_hold,total_pop,map_jails,map_twp,map_private,map_prison,map_juvenile,est_doc_rev,GT_1000_beds_99,GT_1000_beds_19
1,22001,small/mid,Acadia Parish,Jail,,Sheriff,180,,0,1,0,Acadia Parish Jail,1037 Capitol Ave,Crowley,70526,30.2076574,-92.3986817,,,,,,,,,,,,,159,20,1,0,180,1,19,0,19,0,0,0,143.1,159,178,1,0,0,0,0,183014.65,0,0
2,22001,small/mid,Acadia Parish,Jail,,City,13,,0,1,0,Rayne City Jail,200 Oak Street,Rayne,70578,30.247965,-92.2700792,,,,,,,,,,,,,13,0,0,0,13,0,12,0,12,0,0,0,0,0,12,1,0,0,0,0,115588.2,0,0
3,22001,small/mid,Acadia Parish,Jail,,City,6,,0,1,0,Church Point Police Jail,427 North Main Street,Church Point,70525,30.4012458,-92.213766,,,,,,,,,,,,,1,1,0,0,2,0,,,,,,,,,,1,0,0,0,0,,0,0
4,22001,small/mid,Acadia Parish,Juvenile,Non-Secure Residential Group Home,Private,36,,0,1,0,AMIkids - Acadiana,611 Celestine La Tortue Road,Branch,70516,30.32842779,-92.2296435,,,,,,,,,,,,,,,,,,,,,,,,,,,,0,0,0,0,1,,0,0
5,22003,rural,Allen Parish,Jail,,Sheriff,145,,1,1,0,Allen Parish Public Safety Complex,7340 Highway 26 West,Oberlin,70655,30.6201984,-92.7626462,,,,,,,,,,,,,130,15,0,0,145,0,10,0,10,0,0,75,56,0,85,1,0,0,0,0,96323.5,0,0
6,22003,rural,Allen Parish,Jail,,City,6,,0,1,0,Kinder City Jail,807 3rd Ave,Kinder,70648,30.48543,-92.8499575,,,,,,,,,,,,,,,,,,,1,0,1,0,0,0,0,0,1,1,0,0,0,0,9632.35,0,0
7,22003,rural,Allen Parish,Jail,,City,13,,0,1,0,Oakdale City Jail,118 N 10th Street,Oakdale,71463,30.8150219,-92.6620878,,,,,,,,,,,,,4,2,0,0,6,0,,,,,,,,,,1,0,0,0,0,,0,0
8,22003,rural,Allen Parish,Prison,,State,1538,,0,1,0,Allen Correctional Center,3751 Lauderdale Woodyard Road,Kinder,70648,30.5671196,-92.7887592,,,,,,,,,,,,,,,,,,,,,,,,,,,,0,0,0,1,0,,0,0
9,22003,rural,Allen Parish,Prison,,Federal,861,,0,1,0,FCI Oakdale,1507 East Whatley Road,Oakdale,71463,30.83225604,-92.63692143,,,,,,,,,,,,,,,,,,,,,,,,,,,,0,0,0,1,0,,0,0
10,22003,rural,Allen Parish,Prison,,Federal,1063,,0,1,0,Oakdale II FCI AND SCP,2105 East Whatley Road,Oakdale,71463,30.83239884,-92.6365941,,,,,,,,,,,,,,,,,,,,,,,,,,,,0,0,0,1,0,,0,0
11,22005,small/mid,Ascension Parish,Jail,,Sheriff,572,,0,1,0,Ascension Parish Jail,2384 Lemanville Cut Off Road,Donaldsonville,70346,30.098399,-90.9401919,,,,,,,,,,,,,447,54,1,0,502,1,75,0,75,0,13,0,277,16,381,1,0,0,0,0,722426.25,0,0
12,22007,rural,Assumption Parish,Jail,,Sheriff,125,,0,1,0,Assumption Parish Detention Center,108 Jail Complex Road,Napoleonville,70390,29.9382674,-91.0274993,,,,,,,,,,,,,106,4,1,0,111,1,30,0,30,0,0,0,84,1,115,1,0,0,0,0,288970.5,0,0
13,22009,rural,Avoyelles Parish,Jail,,Sheriff,438,,0,1,1,Avoyelles Marksville Detention Center,675 Government Street,Marksville,71351,31.1155788,-92.0668171,,,,,,,,,,,,,435,0,0,0,435,0,92,0,92,0,0,0,186,0,278,1,1,0,0,0,886176.2,1,0
14,22009,rural,Avoyelles Parish,Jail,,Sheriff,317,,0,2,1,Avoyelles Women's Correctional Center,641 Choupique Lane,Cottonport,71327,30.9755229,-92.0523758,Avoyelles Women's Transitional Work Program,640 Choupique Lane,Cottonport,71327,30.97575277,-92.0523388,,,,,,,0,215,0,0,215,0,35,6,41,0,0,0,53,1,95,1,1,0,0,0,363959.75,1,0
15,22009,rural,Avoyelles Parish,Prison,,State,1564,,0,1,0,Raymond Laborde Correctional Center,1630 Prison Road,Cottonport,71327,30.9744628,-92.0339652,,,,,,,,,,,,,,,,,,,,,,,,,,,,0,0,0,1,0,,1,0
16,22009,rural,Avoyelles Parish,Jail,,Sheriff,124,,0,1,0,Avoyelles Simmsport Detention Center,620 South Martin Luther King Drive,Simmsport,71369,30.9739327,-91.8114378,,,,,,,,,,,,,,,,,,,,,,,,,,,,1,0,0,0,0,,1,0
17,22009,rural,Avoyelles Parish,Juvenile,Secure,State,72,,0,1,0,Acadiana Center for Youth at Bunkie,1536 Bordelon Road,Bunkie,71322,30.93595326,-92.16487043,,,,,,,,,,,,,,,,,,,,,,,,,,,,0,0,0,0,1,,1,0
18,22011,rural,Beauregard Parish,Jail,,Sheriff,161,,0,1,0,Beauregard Parish Jail,412 Mayeaux Drive,DeRidder,70634,30.8432121,-93.283551,,,,,,,,,,,,,137,18,0,0,155,0,10,0,10,0,0,0,0,132,142,1,0,0,0,0,96323.5,0,0
19,22011,small/mid,Beauregard Parish,TWP Facility,,Private,700,"Louisiana Workforce, LLC",0,1,0,Southwest Transitional Work Program,14925 Highway 27,Dequincy,70633,30.49586438,-93.43523898,,,,,,,,,,,,,,,,,,,491,232,723,0,0,0,118.8,0,723,0,0,0,0,0,5766813.85,0,0
20,22013,rural,Bienville Parish,Jail,,Sheriff,44,,0,1,0,Bienville Parish Jail,100 Courthouse Drive,Arcadia,71001,32.547127,-92.9253205,,,,,,,,,,,,,43,0,1,0,44,1,9,0,9,0,0,0,14,1,24,1,0,0,0,0,86691.15,0,0
21,22013,rural,Bienville Parish,Jail,,City,25,,0,1,0,Arcadia City Jail,1819 South Railroad Avenue,Arcadia,71001,32.547567,-92.9215749,,,,,,,,,,,,,,,,,,,,,,,,,,,,1,0,0,0,0,,0,0
22,22015,small/mid,Bossier Parish,Jail,,City,70,,0,1,0,Bossier City Jail,620 Benton Road,Bossier City,71111,32.5253131,-93.7143974,,,,,,,,,,,,,24,8,0,0,32,0,,,,,,,,,,1,0,0,0,0,,0,1
23,22015,small/mid,Bossier Parish,Jail,,Police Jury,558,,0,1,0,Bossier Maximum Security Center,2985 Old Plain Dealing Road,Plain Dealing,70164,32.8394932,-93.7483493,,,,,,,,,,,,,331,79,0,0,410,0,9,0,9,2,0,0,446,11,468,1,0,0,0,0,86691.15,0,1
24,22015,small/mid,Bossier Parish,Jail,,Sheriff,664,,1,1,0,Bossier Medium Correctional Center,2984 Old Plain Dealing Road,Plain Dealing,70164,32.8389867,-93.7463406,,,,,,,,,,,,,479,0,0,0,479,0,508,0,508,0,33,0,6,2,549,1,0,0,0,0,4893233.8,0,1
25,22015,small/mid,Bossier Parish,Juvenile,Non-Secure Residential Group Home,Private,24,,0,1,0,Ware Youth Center - Group Home,4815 Shed Road,Bossier City,71111,32.54656428,-93.66784244,,,,,,,,,,,,,,,,,,,,,,,,,,,,0,0,0,0,1,,0,1
26,22017,small/mid,Caddo Parish,TWP Facility,,Sheriff,240,,0,1,1,Caddo Transitional Work Program,1125 Forum Drive,Shreveport,71107,32.5338718,-93.7832792,,,,,,,,,,,,,90,0,0,0,90,0,,,,,,,,,,0,1,0,0,0,,1,1
27,22017,small/mid,Caddo Parish,Jail,,City,284,,0,1,0,Shreveport City Jail,755 Hope Street,Shreveport,71101,32.5038639,-93.7560472,,,,,,,,,,,,,92,24,0,0,116,0,,,,,,,,,,1,0,0,0,0,,1,1
28,22017,small/mid,Caddo Parish,Jail,,Sheriff,1500,,0,1,0,Caddo Correctional Center,1101 Forum Drive,Shreveport,71107,32.5320721,-93.7811527,,,,,,,,,,,,,1161,135,0,0,1296,0,226,0,226,5,83,0,"1,063",28,1405,1,0,0,0,0,2176911.1,1,1
29,22017,small/mid,Caddo Parish,Jail,,City,132,,0,1,0,Vivian City Jail,121 North Pine Street,Vivian,71082,32.8733974,-93.9864675,,,,,,,,,,,,,,,,,,,,,,,,,,,,1,0,0,0,0,,1,1
30,22017,small/mid,Caddo Parish,Juvenile,Detention,Parish,26,,0,1,0,Caddo Parish Juvenile Detention Center,1835 Spring Street,Shreveport,71101,32.50316311,-93.72972746,,,,,,,,,,,,,,,,,,,,,,,,,,,,0,0,0,0,1,,1,1
31,22017,small/mid,Caddo Parish,Juvenile,Non-Secure Residential Group Home,Private,38,,0,1,0,Rutherford House,1707 Line Avenue,Shreveport,71101,32.49620818,-93.7455324,,,,,,,,,,,,,,,,,,,,,,,,,,,,0,0,0,0,1,,1,1
32,22017,small/mid,Caddo Parish,Juvenile,Non-Secure Residential Transitional Living Program,Private,58,,0,1,0,L.L. Brandon Transitional Home,1 Larry Brandon III Circle,Shreveport,71109,32.47425359,-93.82982477,,,,,,,,,,,,,,,,,,,,,,,,,,,,0,0,0,0,1,,1,1
33,22019,small/mid,Calcasieu Parish,Jail,,Sheriff,661,,0,1,0,Calcasieu Correctional Center,5410 East Broad Street,Lake Charles,70615,30.2270907,-93.1409095,,,,,,,,,,,,,573,21,3,0,597,3,13,0,13,0,0,0,120,0,133,1,0,0,0,0,125220.55,1,1
34,22019,small/mid,Calcasieu Parish,Jail,,City,20,,0,1,0,De Quincy City Jail,101 South Pine Street,Dequincy,70633,30.4497119,-93.4355194,,,,,,,,,,,,,10,0,0,0,10,0,10,0,10,0,0,0,0,0,10,1,0,0,0,0,96323.5,1,1
35,22019,small/mid,Calcasieu Parish,Jail,,City,30,,0,1,0,Sulphur City Jail,500-B N Huntington Street,Sulphur,70663,30.2427146,-93.3771577,,,,,,,,,,,,,17,4,0,0,21,0,1,0,1,0,0,0,7,0,8,1,0,0,0,0,9632.35,1,1
36,22019,small/mid,Calcasieu Parish,TWP Facility,,Private,44,Citizens in Need of Care,0,1,1,Citizens in Need of Care (CINC) - St. Martin Deporres (Male),1101 Canvasback,Lake Charles,70615,30.2252884,-93.1596518,,,,,,,,,,,,,,,,,,,,,,,,,,,,0,1,0,0,0,,1,1
37,22019,small/mid,Calcasieu Parish,Holding Cell,,City,2,,0,1,0,Iowa City Jail,115 N Thomson Ave,Iowa,70647,30.2396919,-93.014092,,,,,,,,,,,,,,,,,,,,,,,,,,,,1,0,0,0,0,,1,1
38,22019,small/mid,Calcasieu Parish,Jail,,City,58,,0,1,0,Lake Charles City Jail,830 Enterprise Boulevard,Lake Charles,70601,30.2265815,-93.2048809,,,,,,,,,,,,,,,,,,,,,,,,,,,,1,0,0,0,0,,1,1
39,22019,small/mid,Calcasieu Parish,Jail,,City,112,,0,1,0,Vinton City Jail,1200 Horridge Street,Vinton,70668,30.1926677,-93.5815248,,,,,,,,,,,,,,,,,,,,,,,,,,,,1,0,0,0,0,,1,1
40,22019,small/mid,Calcasieu Parish,Jail,,City,65,,0,1,0,Westlake City Jail,701 Johnson Street,Westlake,70669,30.241148,-93.2552607,,,,,,,,,,,,,,,,,,,,,,,,,,,,1,0,0,0,0,,1,1
41,22019,small/mid,Calcasieu Parish,Juvenile,Detention,Parish,38,,0,1,0,Calcasieu Parish Juvenile Detention Center,3615 East Prien Lake Road,Lake Charles,70615,30.19944105,-93.16208808,,,,,,,,,,,,,,,,,,,,,,,,,,,,0,0,0,0,1,,1,1
42,22019,small/mid,Calcasieu Parish,Juvenile,Non-Secure Residential,Private,46,,0,1,0,Boys Village,7378 Highway 90 East,Lake Charles,70615,30.23362959,-93.08162113,,,,,,,,,,,,,,,,,,,,,,,,,,,,0,0,0,0,1,,1,1
43,22019,small/mid,Calcasieu Parish,Juvenile,Non-Secure Residential Emergency Shelter,Private,18,,0,1,0,"Educational and Treatment Council, Inc. Harbour House",2400 Merganser Street,Lake Charles,70615,30.2153081,-93.16410206,,,,,,,,,,,,,,,,,,,,,,,,,,,,0,0,0,0,1,,1,1
44,22019,small/mid,Calcasieu Parish,Juvenile,Non-Secure Residential Transitional Living Program,Private,16,,0,1,0,"Educational and Treatment Council, Inc. Transitional Living Program",2400 Merganser Street,Lake Charles,70615,30.2153081,-93.16410206,,,,,,,,,,,,,,,,,,,,,,,,,,,,0,0,0,0,1,,1,1
45,22021,rural,Caldwell Parish,Jail,,Sheriff,600,,0,2,0,Caldwell Correctional Center,671 Highway 845,Grayson,71435,32.0364607,-92.1378506,,,,,,,,,,,,,567,33,0,0,600,0,538,0,538,0,0,0,67.5,75,613,1,0,0,0,0,5182204.3,0,0
46,22021,rural,Caldwell Parish,Juvenile,Secure,State,48,,0,1,0,Swanson Center for Youth at Columbia,132 Highway 850,Columbia,71418,32.07570566,-92.10734581,,,,,,,,,,,,,,,,,,,,,,,,,,,,0,0,0,0,1,,0,0
47,22023,small/mid,Cameron Parish,Jail,,Sheriff,75,,0,1,0,Cameron Parish Jail,124 Recreation Lane,Cameron,70631,29.7977212,-93.3251535,,,,,,,,,,,,,9,3,0,0,12,0,4,0,4,0,0,0,27,55,59,1,0,0,0,0,38529.4,0,0
48,22025,rural,Catahoula Parish,Jail,,Sheriff,830,,1,1,1,Catahoula Correctional Center,499 Old Columbia Road,Harrisonburg,71340,31.7751412,-91.8385129,,,,,,,,,,,,,560,0,0,0,560,0,241,2,243,0,0,0,545,42,830,1,1,0,0,0,2330338.85,0,0
49,22025,rural,Catahoula Parish,Jail,,Sheriff,32,,0,1,0,Catahoula Parish Jail,301 Bushley Street,Harrisonburg,71340,31.7716231,-91.8214343,,,,,,,,,,,,,20,0,0,0,20,0,11,0,11,0,0,0,0,0,11,1,0,0,0,0,105955.85,0,0
50,22027,rural,Claiborne Parish,Jail,,Sheriff,581,,0,2,1,Claiborne Parish Detention Center (Males),1415 State Rte 520,Homer,71040,32.8549912,-93.0451793,Claiborne Parish Transitional Work Program,1415 Highway 520,Homer,71040,,,,,,,,,581,0,0,0,581,0,380,3,383,0,0,0,164,0,547,1,1,0,0,0,3673706.75,0,0
51,22027,rural,Claiborne Parish,Prison,,State,1244,,0,1,0,David Wade Correctional Center,670 Bell Hill Road,Homer,71040,32.9056733,-93.0193999,,,,,,,,,,,,,,,,,,,,,,,,,,,,0,0,0,1,0,,0,0
52,22029,rural,Concordia Parish,Jail,,Sheriff,41,,0,1,0,Concordia Parish Jail,4001 Carter Street,Vidalia,71373,31.5752343,-91.4580074,,,,,,,,,,,,,38,0,0,0,38,0,4,0,4,0,0,0,37,0,41,1,0,0,0,0,38529.4,0,0
53,22029,rural,Concordia Parish,Jail,,Private,602,LaSalle,1,1,0,River Correctional Center,26362 Highway 15,Ferriday,71334,31.5971028,-91.5580974,,,,,,,,,,,,,609,0,0,0,609,0,0,0,0,0,0,354,0,0,354,0,0,1,0,0,0,0,0
54,22029,rural,Concordia Parish,Jail,,Sheriff,564,,0,1,1,Concordia Parish Correctional Facility,26356 Highway 15,Ferriday,71334,31.597191,-91.5581731,,,,,,,,,,,,,448,97,1,0,546,0,371,16,387,0,0,0,28,0,415,1,1,0,0,0,3645141.85,0,0
55,22029,rural,Concordia Parish,Jail,,Sheriff,224,,0,1,1,Concordia Parish Correctional Facility and TWP for Women,5223 Highway 84 West,Vidalia,71373,31.58573301,-91.49441884,,,,,,,,,,,,,,,,,,,88,29,117,0,0,0,103,0,220,1,1,0,0,0,977313.05,0,0
56,22029,rural,Concordia Parish,Jail,,City,18,,0,1,0,Vidalia City Jail,202 Vernon Stevens Boulevard,Vidalia,71373,31.5783086,-91.4698683,,,,,,,,,,,,,,,,,,,,,,,,,,,,1,0,0,0,0,,0,0
57,22031,small/mid,De Soto Parish,Jail,,Sheriff,102,,0,1,0,DeSoto Parish Detention Center,205 Franklin Street,Mansfield,71052,32.0395299,-93.7096396,,,,,,,,,,,,,96,6,0,0,102,0,30,0,30,0,0,0,68.4,76,106,1,0,0,0,0,288970.5,0,0
58,22031,small/mid,De Soto Parish,Jail,,City,34,,0,1,0,Mansfield City Jail,700 Franklin Street,Mansfield,71052,32.0388975,-93.7054769,,,,,,,,,,,,,,,,,,,,,,,,,,,,1,0,0,0,0,,0,0
59,22033,small/mid,East Baton Rouge Parish,Prison,,State,200,,0,1,0,State Police Inmate Barracks,1400 W Irene Rd,Zachary,70791,30.59779553,-91.26230733,,,,,,,,,,,,,,,,,,,,,,,,,,,,0,0,0,1,0,,1,1
60,22033,small/mid,East Baton Rouge Parish,Jail,,Sheriff,1236,,0,1,0,East Baton Rouge Parish Prison,2867 Brig. Gen. Isaac Smith Avenue,Baton Rouge,70807,30.5333382,-91.1670208,,,,,,,,,,,,,1540,202,17,0,1759,0,68,0,68,0,11,0,707,21,807,1,0,0,0,0,654999.8,1,1
61,22033,small/mid,East Baton Rouge Parish,TWP Facility,,Sheriff,252,"Louisiana Workforce, LLC",0,1,1,East Baton Rouge Transitional Work Program,2867 General Isaac Smith Avenue,Baton Rouge,70807,30.5333382,-91.1670208,,,,,,,,,,,,,,,,,,,0,148,148,0,0,0,0,0,148,0,1,0,0,0,661745,1,1
62,22033,small/mid,East Baton Rouge Parish,Jail,,City,84,,0,1,0,Zachary City Jail,4510 Main Street,Zachary,70791,30.6482158,-91.1563712,,,,,,,,,,,,,,,,,,,,,,,,,,,,1,0,0,0,0,,1,1
63,22033,small/mid,East Baton Rouge Parish,Juvenile,Detention,Parish,,,0,1,0,East Baton Rouge Parish Juvenile Detention Center,8333 Veterans Memorial Boulevard,Baton Rouge,70807,30.52556925,-91.16244108,,,,,,,,,,,,,,,,,,,,,,,,,,,,0,0,0,0,1,,1,1
64,22033,small/mid,East Baton Rouge Parish,Juvenile,Non-Secure Residential Group Home,Private,12,,0,1,0,Harmony Center - A.B. Horne,1306 Main Street,Baton Rouge,70802,30.45184347,-91.17580837,,,,,,,,,,,,,,,,,,,,,,,,,,,,0,0,0,0,1,,1,1
65,22033,small/mid,East Baton Rouge Parish,Juvenile,Non-Secure Residential Group Home,Private,12,,0,1,0,Harmony Center - Harmony III,427 North 13th Street,Baton Rouge,70802,30.45144372,-91.1762693,,,,,,,,,,,,,,,,,,,,,,,,,,,,0,0,0,0,1,,1,1
66,22033,small/mid,East Baton Rouge Parish,Juvenile,Non-Secure Residential Transitional Living Program,Private,8,,0,1,0,Youth Oasis,260 South Acadian Thruway,Baton Rouge,70806,30.44662819,-91.1553229,,,,,,,,,,,,,,,,,,,,,,,,,,,,0,0,0,0,1,,1,1
67,22035,rural,East Carroll Parish,Jail,,Sheriff,1500,,0,2,0,Riverbend Detention Center (Female),9482 Highway 65 South,Lake Providence,71254,32.77741,-91.17863,Riverbend Detention Center (Male),9450 Highway 65 South,Lake Providence,71254,32.77789643,-91.17968013,,,,,,,1356,65,13,0,1434,13,870,0,870,0,0,0,569,0,1439,1,0,0,0,0,8380144.5,0,1
68,22037,small/mid,East Feliciana Parish,Jail,,Sheriff,167,,0,1,0,East Feliciana Parish Jail,12306 Haynes Street,Clinton,70722,30.8489446,-91.0088868,,,,,,,,,,,,,,,,,,,95,21,116,0,0,0,10,54,180,1,0,0,0,0,1008969.5,0,0
69,22037,small/mid,East Feliciana Parish,TWP Facility,,Sheriff,75,,0,1,1,East Feliciana Parish Transitional Work Program,12306 Haynes Street,Clinton,70722,30.8489446,-91.0088868,,,,,,,,,,,,,,,,,,,0,56,56,0,0,0,0,0,56,0,1,0,0,0,250390,0,0
70,22037,small/mid,East Feliciana Parish,Prison,,State,1800,,0,1,0,Dixon Correctional Institute,5568 LA-68,Jackson,70748,30.8128306,-91.2065189,,,,,,,,,,,,,,,,,,,,,,,,,,,,0,0,0,1,0,,0,0
71,22039,rural,Evangeline Parish,Jail,,Sheriff,68,,0,1,0,Evangeline Parish Jail,200 Court Street,Ville Platte,70586,30.6884342,-92.2792816,,,,,,,,,,,,,68,0,0,0,68,0,16,0,16,0,0,0,3,41,60,1,0,0,0,0,154117.6,0,0
72,22039,rural,Evangeline Parish,Jail,,City,6,,0,1,0,Mamou City Jail,501 Main Street,Mamou,70554,30.6303687,-92.4204853,,,,,,,,,,,,,4,0,0,0,4,0,7,0,7,0,0,0,0,0,7,1,0,0,0,0,67426.45,0,0
73,22039,rural,Evangeline Parish,Jail,,City,18,,0,1,0,Ville Platte City Jail,114 Armand Street,Ville Platte,70586,30.6870729,-92.2737342,,,,,,,,,,,,,0,0,0,0,0,0,7,0,7,0,0,0,0,0,7,1,0,0,0,0,67426.45,0,0
74,22039,rural,Evangeline Parish,Jail,,City,6,,0,1,0,Basile City Jail,1316 South Ryan Avenue,Basile,70515,30.4848493,-92.5923029,,,,,,,,,,,,,,,,,,,0,0,0,0,0,0,0,0,0,1,0,0,0,0,0,0,0
75,22039,rural,Evangeline Parish,Jail,,Private,1094,GEO Group,1,1,0,Pine Prairie ICE Processing Center,1133 Hampton Dupre Road,Pine Prairie,70576,30.7886352,-92.4228399,,,,,,,,,,,,,,,,,,,,,,,,,,,,0,0,1,0,0,,0,0
76,22039,rural,Evangeline Parish,Jail,,Private,1000,GEO Group,1,1,0,South Louisiana ICE Processing Center,3843 Stagg Avenue,Basille,70515,30.4870342,-92.5818434,,,,,,,,,,,,,,,,,,,,,,,,,,,,0,0,1,0,0,,0,0
77,22041,rural,Franklin Parish,Jail,,Sheriff,834,,0,1,1,Franklin Parish Detention Center,388 Natures Acres Road,Winnsboro,71295,32.1862598,-91.6473799,,,,,,,,,,,,,,,,,,,680,34,714,0,0,0,102,2,818,1,1,0,0,0,6702020.5,0,0
78,22043,small/mid,Grant Parish,Jail,,Sheriff,106,,0,1,0,Grant Parish Detention Facility,485 Richardson Drive,Colfax,71417,31.5200308,-92.6966006,,,,,,,,,,,,,99,3,0,0,102,0,38,0,38,0,0,0,41,0,79,1,0,0,0,0,366029.3,0,0
79,22043,small/mid,Grant Parish,Prison,,Federal,1290,,0,1,0,USP Pollock,1000 Airbase Road,Pollock,71467,31.46532822,-92.43227443,,,,,,,,,,,,,,,,,,,,,,,,,,,,0,0,0,1,0,,0,0
80,22043,small/mid,Grant Parish,Prison,,Federal,270,,0,1,0,Pollock Camp,1000 Airbase Road,Pollock,71467,31.46532822,-92.43227443,,,,,,,,,,,,,,,,,,,,,,,,,,,,0,0,0,1,0,,0,0
81,22043,small/mid,Grant Parish,Prison,,Federal,1640,,0,1,0,FCI Pollock,1000 Airbase Road,Pollock,71467,31.46532822,-92.43227443,,,,,,,,,,,,,,,,,,,,,,,,,,,,0,0,0,1,0,,0,0
82,22045,small/mid,Iberia Parish,Jail,,Sheriff,512,,0,1,0,Iberia Parish Criminal Justice Facility,3618 Broken Arrow Road,New Iberia,70560,30.0147503,-91.8910922,,,,,,,,,,,,,398,40,5,0,443,5,124,0,124,0,35,0,194,8,361,1,0,0,0,0,1194411.4,0,0
83,22045,small/mid,Iberia Parish,TWP Facility,,Private,163,"Louisiana Workforce, LLC",0,1,1,Iberia Transitional Work Program,3701 Broken Arrow Road,New Iberia,70560,30.0211542,-91.8925627,,,,,,,,,,,,,,,,,,,,,,,,,,,,0,1,0,0,0,,0,0
84,22047,small/mid,Iberville Parish,Jail,,Sheriff,123,,0,1,0,Iberville Parish Jail,59605 Bayou Road,Plaquemine,70765,30.2713046,-91.2584936,,,,,,,,,,,,,112,4,0,0,116,0,10,0,10,0,0,0,99,0,109,1,0,0,0,0,96323.5,0,0
85,22047,small/mid,Iberville Parish,Prison,,State,1875,,0,1,0,Elayn Hunt Correctional Center,6925 Highway 74,St. Gabriel,70776,30.2593839,-91.0824733,,,,,,,,,,,,,,,,,,,,,,,,,,,,0,0,0,1,0,,0,0
86,22047,small/mid,Iberville Parish,Prison,,State,1100,,0,1,0,Louisiana Correctional Institute for Women,7205 Highway 74,St. Gabriel,70776,30.2602581,-91.0724417,,,,,,,,,,,,,,,,,,,,,,,,,,,,0,0,0,1,0,,0,0
87,22047,small/mid,Iberville Parish,Jail,,City,61,,0,1,0,Plaquemines City Jail,23540 Railroad Avenue,Plaquemine,70764,30.2887752,-91.2359076,,,,,,,,,,,,,,,,,,,,,,,,,,,,1,0,0,0,0,,0,0
88,22049,rural,Jackson Parish,Jail,,Private,"1,252",LaSalle,1,1,0,Jackson Parish Correctional Center,327 Industrial Drive,Jonesboro,71251,32.2152444,-92.715942,,,,,,,,,,,,,930,131,0,0,1061,0,0,0,0,0,0,0,58,0,0,0,0,1,0,0,0,0,1
89,22053,rural,Jefferson Davis Parish,Jail,,Sheriff,200,,0,1,0,Jefferson Davis Correctional Center,1704 Hwy. 90 West,Jennings,70546,30.2003178,-92.63059721,,,,,,,,,,,,,53,4,3,0,60,3,3,0,3,0,0,0,87,0,90,1,0,0,0,0,28897.05,0,0
90,22053,rural,Jefferson Davis Parish,Jail,,City,8,,0,1,0,Welsh City Jail,201 W South Street,Welsh,70591,30.2362706,-92.8231629,,,,,,,,,,,,,8,0,0,0,8,0,,,,,,,,,,1,0,0,0,0,,0,0
91,22053,rural,Jefferson Davis Parish,Holding Cell,,City,40,,0,1,0,Jennings City Jail,110 N Broadway,Jennings,70546,30.2213059,-92.6570106,,,,,,,,,,,,,,,,,,,,,,,,,,,,1,0,0,0,0,,0,0
92,22051,suburban,Jefferson Parish,Jail,,Sheriff,1085,,0,1,0,Jefferson Parish Correctional Center,100 Dolhonde Street,Gretna,70054,29.9153966,-90.0683264,,,,,,,,,,,,,936,133,12,0,1081,12,76,0,76,0,0,31,994,7,1108,1,0,0,0,0,732058.6,0,1
93,22051,suburban,Jefferson Parish,Jail,,City,64,,0,1,0,Kenner City Jail,500 Veterans Boulevard,Kenner,70062,30.0057738,-90.2639839,,,,,,,,,,,,,,,,,,,,,,,,,,,,1,0,0,0,0,,0,1
94,22051,suburban,Jefferson Parish,Jail,,City,56,,0,1,0,Westwego City Jail,401 4th Street,Westwego,70094,29.9086722,-90.1427523,,,,,,,,,,,,,,,,,,,,,,,,,,,,1,0,0,0,0,,0,1
95,22051,rural,Jefferson Parish,Juvenile,Detention,Parish,52,,0,1,0,Rivarde Juvenile Detention Facility,1550 Gretna Boulevard,Harvey,70058,29.89163563,-90.0570615,,,,,,,,,,,,,,,,,,,,,,,,,,,,0,0,0,0,1,,0,1
96,22051,rural,Jefferson Parish,Juvenile,Secure,State,84,,0,1,0,Bridge City Center for Youth,3225 River Road,Bridge,70094,29.93723633,-90.16999153,,,,,,,,,,,,,,,,,,,,,,,,,,,,0,0,0,0,1,,0,1
97,22051,rural,Jefferson Parish,Juvenile,Non-Secure Residential Family Home,Private,,,0,1,0,Boy's Town - Gretna Behrman Treatment Family Home,1008 Behrman Highway,Gretna,70056,29.88637865,-90.02056794,,,,,,,,,,,,,,,,,,,,,,,,,,,,0,0,0,0,1,,0,1
98,22055,small/mid,Lafayette Parish,Jail,,Sheriff,500,,0,1,0,Lafayette Parish Correctional Center and Annex,916 Lafayette Street,Lafayette,70501,30.2235872,-92.0214266,,,,,,,,,,,,,906,98,5,0,1009,5,156,0,156,3,22,0,489,20,690,1,0,0,0,0,1502646.6,0,1
99,22055,small/mid,Lafayette Parish,Jail,,City,51,,0,1,0,Scott City Jail,116 Lions Club Road,Scott,70583,30.2406157,-92.0994305,,,,,,,,,,,,,,,,,,,,,,,,,,,,1,0,0,0,0,,0,1
100,22055,small/mid,Lafayette Parish,Jail,,City,83,,0,1,0,Youngsville City Jail,600 Young Street,Youngsville,70592,30.1001408,-91.9830682,,,,,,,,,,,,,,,,,,,,,,,,,,,,1,0,0,0,0,,0,1
101,22055,small/mid,Lafayette Parish,Juvenile,Detention,Parish,,,0,1,0,Lafayette Juvenile Detention Home,1613 Surrey Street,Lafayette,70508,30.21570324,-91.99151279,,,,,,,,,,,,,,,,,,,,,,,,,,,,0,0,0,0,1,,0,1
102,22057,small/mid,Lafourche Parish,Jail,,Sheriff,6,,0,1,0,South Lafourche Sub Station,102 West 91 Street,Cuttoff,70345,29.5016178,-90.32973,,,,,,,,,,,,,63,0,0,0,63,0,0,0,0,0,0,0,0,0,0,1,0,0,0,0,0,0,0
103,22057,small/mid,Lafourche Parish,Jail,,Sheriff,533,,0,1,0,Lafourche Parish Correctional Complex,2594 Veterans Blvd.,Thibodaux,70301,29.76805668,-90.84746606,,,,,,,,,,,,,63,0,0,0,63,0,148,79,227,0,0,0,331,0,558,1,0,0,0,0,1778816.55,0,0
104,22057,small/mid,Lafourche Parish,Jail,,City,31,,0,1,0,Lockport City Jail,710 Church Street,Lockport,70374,29.6409338,-90.5426965,,,,,,,,,,,,,,,,,,,,,,,,,,,,1,0,0,0,0,,0,0
105,22057,small/mid,Lafourche Parish,Jail,,City,60,,0,1,0,Thibodeaux City Jail,1309 Canal Boulevard,Thibodaux,70301,29.7840857,-90.8204354,,,,,,,,,,,,,,,,,,,,,,,,,,,,1,0,0,0,0,,0,0
106,22057,small/mid,Lafourche Parish,Juvenile,Detention,Parish,53,,0,1,0,Lafourche Parish Juvenile Justice Facility,2525 Veterans Boulevard,Thibodaux,70301,29.7744345,-90.84452876,,,,,,,,,,,,,,,,,,,,,,,,,,,,0,0,0,0,1,,0,0
107,22059,rural,LaSalle Parish,Jail,,Sheriff,29,,0,1,0,La Salle Parish Jail,1050 Courthouse Street,Jena,71342,31.6855403,-92.1323567,,,,,,,,,,,,,13,0,0,0,13,0,2,0,2,0,0,0,8,0,10,1,0,0,0,0,19264.7,0,0
108,22059,rural,LaSalle Parish,Jail,,Private,755,LaSalle,1,1,1,La Salle Correctional Center,15976 Highway 165,Olla,71465,31.8446231,-92.2904605,,,,,,,,,,,,,750,0,0,0,750,0,213,0,213,0,0,0,305,4,522,0,1,1,0,0,2051690.55,0,0
109,22059,rural,LaSalle Parish,Jail,,Private,1160,GEO Group,1,1,0,LaSalle ICE Processing Center,"830 Pinehill Road, PO Box 2826",Jena,71342,31.70835874,-92.15161941,,,,,,,,,,,,,,,,,,,,,,,,,,,,0,0,1,0,0,,0,0
110,22061,rural,Lincoln Parish,Jail,,Sheriff,241,,0,1,1,Lincoln Parish Detention Center,170 Road Camp Road,Ruston,71273,32.5604113,-92.6093919,,,,,,,,,,,,,223,26,0,0,249,0,90,16,106,0,0,0,205,6,317,1,1,0,0,0,938451.5,0,0
111,22061,rural,Lincoln Parish,Jail,,City,107,,0,1,0,Ruston City Jail,401 North Trenton Street,Ruston,71270,32.5320379,-92.6399399,,,,,,,,,,,,,,,,,,,,,,,,,,,,1,0,0,0,0,,0,0
112,22063,small/mid,Livingston Parish,Jail,,Sheriff,617,,0,1,0,Livingston Parish Prison,28445 Charlie Watts Road,Livingston,70754,30.4794957,-90.7540236,,,,,,,,,,,,,470,106,3,0,579,3,149,0,149,3,0,6,402,17,577,1,0,0,0,0,1435220.15,0,0
113,22063,small/mid,Livingston Parish,TWP Facility,,Private,150,"Louisiana Workforce, LLC",0,1,1,Livingston Parish Transitional Work Program,28445 Charlie Watts Road,Livingston,70754,30.4794957,-90.7540236,,,,,,,,,,,,,,,,,,,15,53,68,0,0,0,0,0,68,0,1,0,0,0,381461.5,0,0
114,22063,small/mid,Livingston Parish,Jail,,City,67,,0,1,0,Springfield City Jail,27378 Louisiana 42,Springfield,70462,30.4291882,-90.549586,,,,,,,,,,,,,,,,,,,,,,,,,,,,1,0,0,0,0,,0,0
115,22063,small/mid,Livingston Parish,Jail,,City,68,,0,1,0,Walker City Jail,13179 Burgess Avenue,Walker,70785,30.489566,-90.867925,,,,,,,,,,,,,,,,,,,,,,,,,,,,1,0,0,0,0,,0,0
116,22065,rural,Madison Parish,Jail,,Sheriff,36,,0,1,0,Madison Parish Jail,404 East Green Street,Tallulah,71282,32.4090841,-91.1871694,,,,,,,,,,,,,20,0,0,0,20,0,1,0,1,0,0,0,22,0,23,1,0,0,0,0,9632.35,0,1
117,22065,rural,Madison Parish,Jail,,Private,898,"Security Management, LLC",0,2,1,Madison Parish Correctional Center,158 Treatment Plant Road,Tallulah,71282,32.3932537,-91.2048858,Madison Parish Southern Correctional Facility,158 Treatment Plant Road,Tallulah,71282,32.3932537,-91.2048858,,,,,,,1136,0,0,0,1136,0,591,0,591,0,0,0,258,1,850,0,1,1,0,0,5692718.85,0,1
118,22065,rural,Madison Parish,TWP Facility,,Private,548,"Security Management, LLC",0,1,0,LA Transitional Center for Women,1005 W. Green Street,Tallulah,71282,32.4148062,-91.2043227,,,,,,,,,,,,,,,,,,,358,0,358,0,0,0,116,0,474,0,0,0,0,0,3448381.3,0,1
119,22065,rural,Madison Parish,Jail,,Private,289,Bayou Correctional Management Company,0,1,0,Bayou Correctional Center,196 Old Hwy 165 South,Tallulah,71282,32.4084765,-91.1867771,,,,,,,,,,,,,,,,,,,222,0,222,0,0,0,47,0,269,0,0,1,0,0,2138381.7,0,1
120,22065,rural,Madison Parish,Juvenile,Non-Secure Residential Group Home,Private,82,,0,1,0,"Christian Acres Youth Center, Inc.",200 Bailey Street,Tallulah,71282,32.40983855,-91.172787,,,,,,,,,,,,,,,,,,,,,,,,,,,,0,0,0,0,1,,0,1
121,22067,rural,Morehouse Parish,Jail,,Sheriff,272,,0,2,1,Morehouse Parish Detention Center,6444 Patey Road,Collinston,71229,32.6828082,-91.8491801,Morehouse Parish Transitional Work Program,6444 Patey Road,Collinston,71229,32.6828082,-91.8491801,,,,,,,41,2,0,0,43,0,128,67,195,0,0,0,5.4,6,201,1,1,0,0,0,1532514.55,0,0
122,22067,rural,Morehouse Parish,Jail,,Sheriff,270,,0,2,0,Morehouse Parish Jail Annex,4729 Eugene Ware Road,Bastrop,71220,32.78161644,-91.93917257,Morehouse Parish Jail,250 East Walnut,Bastrop,71220,32.77516516,-91.91210437,,,,,,,168,20,1,0,189,1,72,0,72,0,0,0,97.2,108,180,1,0,0,0,0,693529.2,0,0
123,22069,rural,Natchitoches Parish,Jail,,Sheriff,559,,1,1,0,Natchitoches Parish Detention Center,299 Edwina Drive,Natchitoches,71457,31.7311213,-93.0996434,,,,,,,,,,,,,419,5,0,0,424,0,98,0,98,0,31,0,103,9,241,1,0,0,0,0,943970.3,0,0
124,22069,rural,Natchitoches Parish,Jail,,City,72,,0,1,0,Natchitoches City Jail,700 Amulet Street,Natchitoches,71457,31.7583318,-93.0947193,,,,,,,,,,,,,,,,,,,,,,,,,,,,1,0,0,0,0,,0,0
125,22071,urban,Orleans Parish,Jail,,Sheriff,1250,,0,1,0,Orleans Justice Center,2800 Perdido Street,New Orleans,70119,29.9601073,-90.0949754,,,,,,,,,,,,,1004,94,16,0,1114,16,122,0,122,0,2,0,715,1,840,1,0,0,0,0,1175146.7,1,1
126,22071,urban,Orleans Parish,Jail,,Sheriff,271,,0,1,1,Temporary Detention Center,3200 Perdido Street,New Orleans,70119,29.96240295,-90.09835501,,,,,,,,,,,,,,,,,,,0,20,20,0,0,0,0,0,20,1,1,0,0,0,89425,1,1
127,22071,urban,Orleans Parish,Jail,,Federal,,,1,1,0,New Orleans DD&P,701 Loyola Avenue Room 9001,New Orleans,70113,29.94856099,-90.0770492,,,,,,,,,,,,,,,,,,,,,,,,,,,,0,0,0,0,0,,1,1
128,22071,urban,Orleans Parish,Juvenile,Detention,Parish,,,0,1,0,New Orleans Juvenile Justice Intervention Center,1100-A Milton Street,New Orleans,70122,29.99443252,-90.083292,,,,,,,,,,,,,,,,,,,,,,,,,,,,0,0,0,0,1,,1,1
129,22071,urban,Orleans Parish,Juvenile,Non-Secure Residential Family Home,Private,6,,0,1,0,Boy's Town - Bienville,3308 Bienville Street,New Orleans,70119,29.97117236,-90.09185687,,,,,,,,,,,,,,,,,,,,,,,,,,,,0,0,0,0,1,,1,1
130,22071,urban,Orleans Parish,Juvenile,Non-Secure Residential Family Home,Private,6,,0,1,0,Boy's Town - City Park,313 City Park Avenue,New Orleans,70119,29.98336535,-90.10831838,,,,,,,,,,,,,,,,,,,,,,,,,,,,0,0,0,0,1,,1,1
131,22071,urban,Orleans Parish,Juvenile,Non-Secure Residential Family Home,Private,6,,0,1,0,Boy's Town - Magazine,6020 Magazine Street,New Orleans,70118,29.92234597,-90.12218984,,,,,,,,,,,,,,,,,,,,,,,,,,,,0,0,0,0,1,,1,1
132,22073,small/mid,Ouachita Parish,TWP Facility,,Sheriff,80,,0,1,1,Ouachita Parish Transitional Work Program (Males),4801 US-165,Monroe,71202,32.45452542,-92.0791346,,,,,,,,,,,,,165,0,0,0,165,0,16,66,82,0,0,0,0,0,82,0,1,0,0,0,449220.1,0,1
133,22073,small/mid,Ouachita Parish,Jail,,Sheriff,"1,072",,0,1,0,Ouachita Correctional Center,4801 Highway 165 Bypass South,Monroe,71202,32.454281,-92.079435,,,,,,,,,,,,,946,168,15,0,1129,15,287,0,287,0,40,0,565,28,920,1,0,0,0,0,2764484.45,0,1
134,22073,small/mid,Ouachita Parish,TWP Facility,,Sheriff,80,,0,1,1,Ouachita Parish Female TWP,4801 Highway 165 By-Pass South,Monroe,71202,32.454281,-92.079435,,,,,,,,,,,,,,,,,,,6,33,39,0,0,0,0,0,39,0,1,0,0,0,205345.35,0,1
135,22073,small/mid,Ouachita Parish,TWP Facility,,Private,144,City of Faith Prison Ministries,0,1,1,"City of Faith, Monroe",1511 Jackson Street,Monroe,71202,32.4906428,-92.1102209,,,,,,,,,,,,,,,,,,,,,,,,,,,,0,1,0,0,0,,0,1
136,22073,small/mid,Ouachita Parish,Jail,,Private,1129,LaSalle,1,1,1,Richwood Correctional Center,180 Pine Bayou Circle,Monroe,71202,32.4569764,-92.0799455,,,,,,,,,,,,,,,,,,,,,,,,,,,,0,1,1,0,0,,0,1
137,22073,small/mid,Ouachita Parish,Jail,,City,29,,0,1,0,Monroe City Jail,700 Wood Street,Monroe,71201,32.5010743,-92.1101863,,,,,,,,,,,,,,,,,,,,,,,,,,,,1,0,0,0,0,,0,1
138,22073,small/mid,Ouachita Parish,Jail,,City,56,,0,1,0,West Monroe City Jail,2301 North 7th Street,West Monroe,71291,32.5202434,-92.1485543,,,,,,,,,,,,,,,,,,,,,,,,,,,,1,0,0,0,0,,0,1
139,22073,small/mid,Ouachita Parish,Juvenile,Detention,Parish,60,,0,1,0,Green Oaks Juvenile Detention Center,4820 South Grand Street,Monroe,71202,32.45045019,-92.10936451,,,,,,,,,,,,,,,,,,,,,,,,,,,,0,0,0,0,1,,0,1
140,22073,small/mid,Ouachita Parish,Juvenile,Secure,State,144,,0,1,0,Swanson Center for Youth at Monroe,4701 South Grand Street,Monroe,71202,32.45391517,-92.112617,,,,,,,,,,,,,,,,,,,,,,,,,,,,0,0,0,0,1,,0,1
141,22073,small/mid,Ouachita Parish,Juvenile,Non-Secure Residential Group Home,Private,30,,0,1,0,Johnny Robinson's Boys Home,3209 South Grand Street,Monroe,71202,32.46948994,-92.1144189,,,,,,,,,,,,,,,,,,,,,,,,,,,,0,0,0,0,1,,0,1
142,22075,suburban,Plaquemines Parish,Jail,,Sheriff,871,,0,1,0,Plaquemines Parish Detention Center,16801 Hwy 15,Davant,70046,29.59851727,-89.82381105,,,,,,,,,,,,,,,,,,,291,0,291,0,198,0,49.5,46,535,1,0,0,0,0,2803013.85,0,0
143,22077,small/mid,Pointe Coupee Parish,Jail,,Sheriff,209,,0,1,0,Pointe Coupee Parish Detention Center,10933 Cajun II Road,New Roads,70760,30.7469141,-91.3836556,,,,,,,,,,,,,125,5,0,0,130,0,23,0,23,0,0,0,41.4,55,78,1,0,0,0,0,221544.05,0,0
144,22079,small/mid,Rapides Parish,Jail,,Sheriff,348,,0,1,0,Rapides Parish Detention Center I,700 Murray Street,Alexandria,71309,31.3091339,-92.4474653,,,,,,,,,,,,,218,64,9,0,291,9,4,0,4,5,0,0,281,21,311,1,0,0,0,0,38529.4,0,1
145,22079,small/mid,Rapides Parish,Jail,,Sheriff,240,,0,1,0,Rapides Parish Detention Center II,400 John Allison Drive,Alexandria,71303,31.3019761,-92.5225784,,,,,,,,,,,,,217,0,0,0,217,0,97,0,97,0,0,0,0,0,97,1,0,0,0,0,934337.95,0,1
146,22079,small/mid,Rapides Parish,Jail,,Sheriff,391,,0,1,0,Rapides Parish Detention Center III,7400 Academy Drive,Alexandria,71303,31.3008376,-92.5214179,,,,,,,,,,,,,384,0,0,0,384,0,255,0,255,28,6,0,18,2,309,1,0,0,0,0,2456249.25,0,1
147,22079,small/mid,Rapides Parish,TWP Facility,,Sheriff,182,,0,1,1,Rapides Parish Transitional Work Program,400 C. John Allison Drive,Alexandria,71303,31.3016446,-92.5224044,,,,,,,,,,,,,124,0,0,0,124,0,0,75,75,0,0,0,0,0,75,0,1,0,0,0,335343.75,0,1
148,22079,small/mid,Rapides Parish,Jail,,Private,400,GEO Group,1,1,0,Alexandria Staging Facility,96 George Thompson Drive,Alexandria,71303,31.31743553,-92.53588982,,,,,,,,,,,,,,,,,,,,,,,,,,,,0,0,1,0,0,,0,1
149,22079,small/mid,Rapides Parish,Jail,,City,280,,0,1,0,Alexandria City Jail,1000 Bolton Ave,Alexandria,71301,31.3032244,-92.4532293,,,,,,,,,,,,,,,,,,,,,,,,,,,,1,0,0,0,0,,0,1
150,22079,small/mid,Rapides Parish,Jail,,City,136,,0,1,0,Pineville City Jail,910 Main Street,Pineville,71360,31.3240661,-92.4317654,,,,,,,,,,,,,,,,,,,,,,,,,,,,1,0,0,0,0,,0,1
151,22079,small/mid,Rapides Parish,Jail,,City,54,,0,1,0,Woodworth City Jail,27 Castor Plunge Road,Woodworth,71485,31.14726,-92.49938,,,,,,,,,,,,,,,,,,,,,,,,,,,,1,0,0,0,0,,0,1
152,22079,small/mid,Rapides Parish,Juvenile,Non-Secure Residential Group Home,Private,20,,0,1,0,Renaissance Home for Youth,6177 Bayou Rapides Road,Alexandria,71303,31.31293655,-92.52865684,,,,,,,,,,,,,,,,,,,,,,,,,,,,0,0,0,0,1,,0,1
153,22081,rural,Red River Parish,Jail,,Sheriff,76,,0,1,0,Red River Parish Jail,615 East Carroll Drive,Coushatta,71019,32.0142309,-93.3404265,,,,,,,,,,,,,60,0,0,0,60,0,18,0,18,0,0,0,28,0,46,1,0,0,0,0,173382.3,0,0
154,22081,rural,Red River Parish,Juvenile,Non-Secure Intensive Residential,Private,60,,0,1,0,Ware Youth Center - Intensive Residential,3565 Highway 71,Coushatta,71019,32.08275207,-93.37368858,,,,,,,,,,,,,,,,,,,,,,,,,,,,0,0,0,0,1,,0,0
155,22083,rural,Richland Parish,Jail,,Sheriff,782,,0,3,1,Richland Parish Detention Center (Male),474 Highway 15,Rayville,71269,32.3881969,-91.9657548,Richland Parish Detention Center (Female),414 Highway 15,Rayville,71269,32.3891777,-91.9661065,Richland Parish TWP,456 Highway 15,Rayville,71269,32.38941778,-91.9661065,,,,,,,505,70,575,0,0,0,21,81,660,1,1,0,0,0,5177324.25,0,0
156,22085,rural,Sabine Parish,Jail,,Sheriff,29,,0,1,0,Sabine Parish Women's Jail,400 South Capitol Street,Many,71449,31.5673365,-93.4838053,,,,,,,,,,,,,0,23,0,1,24,1,8,0,8,0,0,0,0,0,8,1,0,0,0,0,77058.8,0,0
157,22085,rural,Sabine Parish,Jail,,Sheriff,131,,0,1,0,Sabine Parish Detention Center,384 Detention Center Road,Many,71449,31.5592564,-93.4598143,,,,,,,,,,,,,107,0,0,0,107,0,47,0,47,0,0,0,58.5,65,112,1,0,0,0,0,452720.45,0,0
158,22087,suburban,St. Bernard Parish,Jail,,Sheriff,266,,0,1,0,St. Bernard Parish Prison,1900 Paris Road,Chalmette,70043,29.9358329,-89.9675656,,,,,,,,,,,,,195,35,13,0,243,13,8,0,8,0,26,0,155,2,191,1,0,0,0,0,77058.8,0,0
159,22087,suburban,St. Bernard Parish,Juvenile,Detention,Parish,36,,0,1,0,St. Bernard Parish Juvenile Detention Center,1900 Paris Road,Chalmette,70043,29.93605604,-89.96754414,,,,,,,,,,,,,,,,,,,,,,,,,,,,0,0,0,0,1,,0,0
160,22089,suburban,St. Charles Parish,Jail,,Sheriff,608,,0,2,1,St. Charles Correctional Center (Nelson Coleman),5061 Louisiana Highway 3127,Killona,70057,29.9925717,-90.5023208,St. Charles Parish Transitional Work Program,5061 LA Highway 3127,Killona,70057,29.9925717,-90.5023208,,,,,,,458,19,1,0,478,1,150,21,171,0,77,0,83,2,333,1,1,0,0,0,1538748.75,0,0
161,22091,small/mid,St. Helena Parish,Jail,,Sheriff,49,,0,1,0,St. Helena Parish Jail,387 Sitman Street,Greensburg,70441,30.8291395,-90.667044,,,,,,,,,,,,,50,0,0,0,50,0,6,0,6,0,0,0,32,0,38,1,0,0,0,0,57794.1,0,0
162,22093,suburban,St. James Parish,Jail,,Sheriff,124,,0,1,0,St. James Parish Detention Center,5800 Louisiana Highway 44,Convent,70723,29.994163,-90.817492,,,,,,,,,,,,,67,7,0,0,74,0,11,0,11,0,0,0,66,0,77,1,0,0,0,0,105955.85,0,0
163,22095,suburban,St. John the Baptist Parish,Jail,,Sheriff,319,,0,1,0,St. John Parish Correctional Center (Sherman Walker Correctional Center),100 Deputy Barton Granier Drive,LaPlace,70068,30.0722084,-90.5048819,,,,,,,,,,,,,176,6,3,0,185,3,56,0,56,0,0,0,12,0,68,1,0,0,0,0,539411.6,0,0
164,22097,rural,St. Landry Parish,Jail,,City,72,,0,1,0,Eunice City Jail,300 South 2nd Street,Eunice,70535,30.4922303,-92.4155448,,,,,,,,,,,,,32,8,0,0,40,0,,,,,,,,,,1,0,0,0,0,,0,0
165,22097,rural,St. Landry Parish,Jail,,Sheriff,244,,0,1,0,St. Landry Parish Jail,108 South Market,Opelousas,70571,30.5340608,-92.0844201,,,,,,,,,,,,,220,24,0,0,244,0,29,0,29,0,0,0,195.3,217,246,1,0,0,0,0,279338.15,0,0
166,22097,rural,St. Landry Parish,Jail,,City,6,,0,1,0,Arnaudville City Jail,107 Ruedejausiers St,Arnaudville,70512,30.3964198,-91.9353865,,,,,,,,,,,,,,,,,,,,,,,,,,,,1,0,0,0,0,,0,0
167,22097,rural,St. Landry Parish,Jail,,City,103,,0,1,0,Krotz Springs City Jail,224 Main Street,Krotz Springs,70750,30.5369183,-91.7522177,,,,,,,,,,,,,,,,,,,,,,,,,,,,1,0,0,0,0,,0,0
168,22097,rural,St. Landry Parish,Jail,,City,72,,0,1,0,Lafayette City Jail,811 Lee Avenue,Lafayette,70501,30.2218409,-92.0177537,,,,,,,,,,,,,,,,,,,,,,,,,,,,1,0,0,0,0,,0,0
169,22097,rural,St. Landry Parish,Jail,,City,27,,0,1,0,Opelousas City Jail,318 N Court Street,Opelousas,70570,30.5366227,-92.0820718,,,,,,,,,,,,,,,,,,,,,,,,,,,,1,0,0,0,0,,0,0
170,22097,rural,St. Landry Parish,Jail,,City,28,,0,1,0,Palmetto City Jail,224 East Railroad Avenue,Palmetto,71358,30.7170143,-91.8987522,,,,,,,,,,,,,,,,,,,,,,,,,,,,1,0,0,0,0,,0,0
171,22097,rural,St. Landry Parish,Jail,,City,177,,0,1,0,Port Barre City Jail,498 Saizan Avenue,Port Barre,70577,30.5560159,-91.9570624,,,,,,,,,,,,,,,,,,,,,,,,,,,,1,0,0,0,0,,0,0
172,22097,rural,St. Landry Parish,Jail,,City,61,,0,1,0,Washington City Jail,109 Saint Landry Veterans Memorial Highway,Washington,70589,30.6163216,-92.0566589,,,,,,,,,,,,,,,,,,,,,,,,,,,,1,0,0,0,0,,0,0
173,22099,small/mid,St. Martin Parish,Jail,,Sheriff,186,,0,1,0,St. Martin Parish Correctional Center,400 St. Martin Street,St. Martinville,70582,30.119993,-91.8296239,,,,,,,,,,,,,172,14,0,0,186,0,19,0,19,0,43,0,149,0,211,1,0,0,0,0,183014.65,0,0
174,22099,small/mid,St. Martin Parish,Juvenile,Secure,Sheriff,88,,0,1,0,St. Martin Sheriff's Office Juvenile Training Center (Acadiana Center for Youth at St. Martinville),1815 Terrance Highway,St. Martinsville,70582,30.13534141,-91.86428765,,,,,,,,,,,,,,,,,,,,,,,,,,,,0,0,0,0,1,,0,0
175,22101,rural,St. Mary Parish,Jail,,Sheriff,320,,0,1,1,St. Mary Parish Law Enforcement Center,500 Main St,Franklin,70538,29.79177604,-91.49908389,,,,,,,,,,,,,156,0,0,0,156,0,64,0,64,0,0,0,127,128,195,1,1,0,0,0,616470.4,0,0
176,22101,rural,St. Mary Parish,Jail,,City,20,,0,1,0,Berwick Police Jail,3225 Third Street,Berwick,70342,29.6932771,-91.2187579,,,,,,,,,,,,,5,2,0,0,7,0,,,,,,,,,,1,0,0,0,0,,0,0
177,22101,rural,St. Mary Parish,Jail,,City,8,,0,1,0,Franklin Police Jail,508 Second Street,Franklin,70538,29.7903374,-91.5021437,,,,,,,,,,,,,8,0,0,0,8,0,,,,,,,,,,1,0,0,0,0,,0,0
178,22101,rural,St. Mary Parish,Jail,,City,100,,0,1,0,Morgan City Jail,723 Myrtle Street,Morgan City,70380,29.6945374,-91.1880717,,,,,,,,,,,,,23,43,0,0,66,0,,,,,,,,,,1,0,0,0,0,,0,0
179,22101,rural,St. Mary Parish,Jail,,City,29,,0,1,0,Patterson City Jail,1314 Main Street,Patterson,70392,29.6983153,-91.302272,,,,,,,,,,,,,29,0,0,0,29,0,6,0,6,0,0,0,0,5,11,1,0,0,0,0,57794.1,0,0
180,22103,suburban,St. Tammany Parish,Jail,,City,36,,0,1,0,Slidell City Jail,2112 Sgt. Alfred St,Slidell,70458,30.2748739,-89.7801916,,,,,,,,,,,,,17,6,0,0,23,0,2,0,2,0,0,0,0,13,15,1,0,0,0,0,19264.7,0,1
181,22103,suburban,St. Tammany Parish,Jail,,Sheriff,1192,,1,1,0,St. Tammany Parish Jail,1200 Champagne Street,Covington,70433,30.4932295,-90.1061795,,,,,,,,,,,,,,,,,,,323,0,323,0,71,0,549,0,943,1,0,0,0,0,3111249.05,0,1
182,22103,suburban,St. Tammany Parish,TWP Facility,,Sheriff,58,,0,1,1,St. Tammany Parish Transitional Work Program,141 Production Drive,Slidell,70460,30.3169601,-89.7744346,,,,,,,,,,,,,,,,,,,,,,,,,,,,0,1,0,0,0,,0,1
183,22103,suburban,St. Tammany Parish,Jail,,City,189,,0,1,0,Mandeville City Jail,1870 U.S. 190,Mandeville,70448,30.3734997,-90.0771404,,,,,,,,,,,,,,,,,,,,,,,,,,,,1,0,0,0,0,,0,1
184,22103,suburban,St. Tammany Parish,Jail,,City,73,,0,1,0,Pearl River City Jail,39470 Willis Alley,Pearl River,70452,30.3758807,-89.7467899,,,,,,,,,,,,,,,,,,,,,,,,,,,,1,0,0,0,0,,0,1
185,22103,suburban,St. Tammany Parish,Juvenile,Detention,Parish,133,,0,1,0,Florida Parishes Juvenile Detention Center,28528 Highway 190,Covington,70433,30.50267949,-90.24469563,,,,,,,,,,,,,,,,,,,,,,,,,,,,0,0,0,0,1,,0,1
186,22105,small/mid,Tangipahoa Parish,Jail,,City,23,,0,1,0,Hammond City Jail,303 East Thomas Street,Hammond,70401,30.5050173,-90.4581937,,,,,,,,,,,,,18,0,0,0,18,0,,,,,,,,,,1,0,0,0,0,,0,0
187,22105,small/mid,Tangipahoa Parish,Jail,,City,12,,0,1,0,Amite City Jail,101 Oak Street,Amite,70422,30.7265833,-90.505169,,,,,,,,,,,,,7,0,0,0,7,0,1,0,1,0,0,0,0,0,1,1,0,0,0,0,9632.35,0,0
188,22105,small/mid,Tangipahoa Parish,Jail,,Sheriff,487,,0,1,0,Tangipahoa Parish Jail,101 Campo Lane,Amite,70422,30.729136,-90.521638,,,,,,,,,,,,,,,,,,,163,0,163,0,0,0,309,0,472,1,0,0,0,0,1570073.05,0,0
189,22105,small/mid,Tangipahoa Parish,,,Sheriff,85,,0,1,1,Tangipahoa Parish Jail TWP,101 Campo Lane,Amite,70422,30.729136,-90.521638,,,,,,,,,,,,,,,,,,,0,51,51,0,0,0,0,0,51,0,1,0,0,0,228033.75,0,0
190,22105,small/mid,Tangipahoa Parish,Jail,,City,54,,0,1,0,Ponchatoula City Jail,110 West Hickory Street,Ponchatoula,70454,30.4403821,-90.4422506,,,,,,,,,,,,,,,,,,,,,,,,,,,,1,0,0,0,0,,0,0
191,22107,rural,Tensas Parish,Jail,,Sheriff,600,,0,1,0,Tensas Parish Detention Center,8606 Highway 65,Waterproof,71375,31.8077755,-91.3941177,,,,,,,,,,,,,532,0,0,0,532,0,389,0,389,0,0,0,79,18,486,1,0,0,0,0,3746984.15,0,0
192,22109,small/mid,Terrebonne Parish,Jail,,Sheriff,612,,0,1,0,Terrebonne Criminal Justice Complex,3211 Grand Caillou Road,Houma,70361,29.5198423,-90.6732365,,,,,,,,,,,,,467,66,3,0,536,3,0,0,0,0,0,0,346,0,0,1,0,0,0,0,0,0,0
193,22109,small/mid,Terrebonne Parish,TWP Facility,,Sheriff,124,,0,1,1,Terrebonne Parish Transitional Work Program,3181 Grand Caillou Road,Houma,70361,29.5217994,-90.6730786,,,,,,,,,,,,,110,0,0,0,110,0,0,13,13,0,0,0,0,0,13,0,1,0,0,0,58126.25,0,0
194,22109,small/mid,Terrebonne Parish,Jail,,Sheriff,68,,0,1,0,Terrebonne Parish Annex,7857 Main Street,Houma,70361,29.63743,-90.76021,,,,,,,,,,,,,,,,,,,16,0,16,0,0,0,0,0,16,1,0,0,0,0,154117.6,0,0
195,22109,small/mid,Terrebonne Parish,Juvenile,Detention,Parish,32,,0,1,0,Terrebonne Parish Juvenile Justice Complex,180 Government Street,Gray,70359,29.68899841,-90.78255029,,,,,,,,,,,,,,,,,,,,,,,,,,,,0,0,0,0,1,,0,0
196,22111,small/mid,Union Parish,Jail,,Police Jury,388,,0,1,1,Union Parish Detention Center,707 Rodeo Circle,Farmerville,71241,32.7691897,-92.4124573,,,,,,,,,,,,,381,0,0,0,381,0,139,72,211,0,0,0,119,3,333,1,1,0,0,0,1660826.65,0,0
197,22113,small/mid,Vermilion Parish,Jail,,Sheriff,151,,0,1,0,Vermillion Parish Jail,14202 Allen M. Bares Rd,Abbeville,70510,29.9467789,-92.0918807,,,,,,,,,,,,,145,6,0,0,151,0,33,0,33,0,0,0,109,0,142,1,0,0,0,0,317867.55,0,0
198,22113,small/mid,Vermilion Parish,Holding Cell,,City,4,,0,1,0,Erath City Jail,114 West Bourque Street,Erath,70533,29.9573379,-92.0354228,,,,,,,,,,,,,,,,,,,,,,,,,,,,1,0,0,0,0,,0,0
199,22115,rural,Vernon Parish,Jail,,City,39,,0,1,0,Leesville City Jail,101 West Lee Street,Leesville,71446,31.143532,-93.2642562,,,,,,,,,,,,,4,6,0,0,10,0,,,,,,,,,,1,0,0,0,0,,0,0
200,22115,rural,Vernon Parish,Jail,,Sheriff,160,,0,1,0,Vernon Parish Jail,1203 South Fourth Street,Leesville,71446,31.13239985,-93.26380722,,,,,,,,,,,,,,,,,,,10,0,10,0,0,0,123,0,133,1,0,0,0,0,96323.5,0,0
201,22117,rural,Washington Parish,Jail,,City,40,,0,1,0,Bogalusa City Jail,111 Memphis Street,Bogalusa,70426,30.7861454,-89.8613608,,,,,,,,,,,,,23,9,0,0,32,0,4,0,4,0,0,0,0,13,17,1,0,0,0,0,38529.4,0,0
202,22117,rural,Washington Parish,Jail,,Sheriff,174,,0,1,0,Washington Parish Jail,1002 Main Street,Franklinton,70438,30.8437893,-90.1560088,,,,,,,,,,,,,154,20,0,0,174,0,11,0,11,0,0,0,183,0,194,1,0,0,0,0,105955.85,0,0
203,22117,rural,Washington Parish,Prison,,State,1156,,0,1,0,B.B. Rayburn Correctional Center,27268 Hwy. 21 North,Angie,70426,30.9217019,-89.8164031,,,,,,,,,,,,,,,,,,,,,,,,,,,,0,0,0,1,0,,0,0
204,22119,small/mid,Webster Parish,Jail,,Sheriff,444,,0,2,1,Webster Detention Center (Bayou Dorcheat Correctional Center),1455 Bravo Boulevard,Minden,71055,32.5665182,-93.4117487,Webster Parish Transitional Work Program,1455 Bravo Boulevard,Minden,71055,32.5665182,-93.4117487,,,,,,,,,,,,,358,74,432,0,0,0,129,121,682,1,1,0,0,0,3779253.8,0,0
205,22119,small/mid,Webster Parish,Jail,,Sheriff,61,,0,1,0,Webster Parish Jail,410 Main St.,Minden,71055,32.61370726,-93.28830877,,,,,,,,,,,,,,,,,,,20,7,27,0,0,0,0,0,27,1,0,0,0,0,223945.75,0,0
206,22119,small/mid,Webster Parish,Jail,,City,65,,0,1,0,Minden City Jail,520 Broadway Street,Minden,71055,32.6144974,-93.2864227,,,,,,,,,,,,,,,,,,,,,,,,,,,,1,0,0,0,0,,0,0
207,22119,small/mid,Webster Parish,Jail,,City,140,,0,1,0,Springhill City Jail,25 Clinic Street,Springhill,71075,33.0046891,-93.4606822,,,,,,,,,,,,,,,,,,,,,,,,,,,,1,0,0,0,0,,0,0
208,22121,small/mid,West Baton Rouge Parish,Jail,,Sheriff,333,,0,1,0,West Baton Rouge Parish Jail,1150 NW Drive,Port Allen,70767,30.5012962,-91.2162849,,,,,,,,,,,,,325,0,0,0,325,0,106,0,106,0,61,0,129,0,296,1,0,0,0,0,1021029.1,0,0
209,22121,small/mid,West Baton Rouge Parish,TWP Facility,,Sheriff,300,,0,1,1,West Baton Rouge Transitional Work Program,1155 Northwest Drive,Port Allen,70767,30.5000911,-91.2153422,,,,,,,,,,,,,280,0,0,0,280,0,57,156,213,0,0,0,0,0,213,0,1,0,0,0,1246558.95,0,0
210,22121,small/mid,West Baton Rouge Parish,Jail,,City,115,,0,1,0,Port Allen City Jail,750 North Jefferson Avenue,Port Allen,70767,30.4590682,-91.2055616,,,,,,,,,,,,,,,,,,,,,,,,,,,,1,0,0,0,0,,0,0
211,22123,rural,West Carroll Parish,Jail,,Sheriff,26,,0,1,0,West Carroll Parish Jail,305 East Main Street,Oak Grove,71263,32.8604993,-91.3875144,,,,,,,,,,,,,24,0,0,0,24,0,16,0,16,0,0,0,15,0,31,1,0,0,0,0,154117.6,0,0
212,22125,small/mid,West Feliciana Parish,Jail,,Sheriff,39,,0,1,0,West Feliciana Parish Detention Center,4834 Feliciana Street,St. Francisville,70775,30.7780453,-91.3833858,,,,,,,,,,,,,37,0,0,0,37,0,6,0,6,0,0,0,14,0,20,1,0,0,0,0,57794.1,0,0
213,22125,small/mid,West Feliciana Parish,TWP Facility,,Sheriff,276,,0,1,1,West Feliciana Parish Transitional Work Program,9943 West Feliciana Parkway,St. Francisville,70775,30.8052094,-91.3798231,,,,,,,,,,,,,,,,,,,10,77,87,0,0,0,0,0,87,0,1,0,0,0,440609.75,0,0
214,22125,small/mid,West Feliciana Parish,Prison,,State,5108,,0,1,0,Louisiana State Penitentiary,17544 Tunica Trace,Angola,70712,30.9406505,-91.5684335,,,,,,,,,,,,,,,,,,,,,,,,,,,,0,0,0,1,0,,0,0
215,22125,small/mid,West Feliciana Parish,Jail,,City,,,0,1,0,St. Francisville City Jail,11936 Ferdinand Street,St. Francisville,70775,30.7795462,-91.3767803,,,,,,,,,,,,,,,,,,,,,,,,,,,,1,0,0,0,0,,0,0
216,22127,rural,Winn Parish,Jail,,Sheriff,150,,0,1,0,Winn Parish Jail,"119 West Main, Room 106",Winnfield,71483,31.9260245,-92.6390783,,,,,,,,,,,,,108,12,0,0,120,0,53,0,53,0,0,0,83,2,138,1,0,0,0,0,510514.55,0,0
217,22127,rural,Winn Parish,Jail,,City,32,,0,1,0,Winnfield City Jail,405 South Jones Street,Winnfield,71483,31.9233488,-92.6391285,,,,,,,,,,,,,26,3,0,0,29,0,0,0,0,0,0,0,0,0,0,1,0,0,0,0,0,0,0
218,22127,rural,Winn Parish,Jail,,Private,1538,LaSalle,1,1,0,Winn Correctional Center,506 Gum Springs Rd.,Winnfield,71483,31.83835738,-92.79024291,,,,,,,,,,,,,,,,,,,17,0,17,0,0,"1,050",0,0,1067,0,0,1,0,0,163749.95,0,0